{
    "hash_value": "00E50A8A17A48E3D",
    "hash_path": "[assembly:/templates/aspectdummy.aspect]([assembly:/_pro/environment/geometry/levels/coastal_town_italy/church_square_banner_flags_a.wl2?/hay_fest_banner_a.prim].entitytype,[modules:/zclothcustommeshentity.class].entitytype).pc_entitytype",
    "hash_offset": 0,
    "hash_size": 2147483648,
    "hash_resource_type": "ASET",
    "hash_reference_table_size": 31,
    "hash_reference_table_dummy": 0,
    "hash_size_final": 1000,
    "hash_size_in_memory": 4294967295,
    "hash_size_in_video_memory": 4294967295,
    "hash_reference_data": [
        {
            "hash": "[assembly:/_pro/environment/geometry/levels/coastal_town_italy/church_square_banner_flags_a.wl2?/hay_fest_banner_a.prim].pc_entitytype",
            "flag": "1F"
        },
        {
            "hash": "[modules:/zclothcustommeshentity.class].pc_entitytype",
            "flag": "1F"
        },
        {
            "hash": "[assembly:/templates/aspectdummy.aspect]([assembly:/templates/geometrytemplatestaticcoll.template?/geomentity01.entitytemplate].entitytype,[modules:/zclothcustommeshentity.class].entitytype).pc_entityblueprint",
            "flag": "1F"
        }
    ]
}