{
	"tempHash": "0037D9CB8F7D3653",
	"tbluHash": "00AF89EF2D1E3D37",
	"rootEntity": "fffffffffffffffe",
	"entities": {
		"fffffffffffffffe": {
			"parent": null,
			"name": "Scene",
			"factory": "[modules:/zspatialentity.class].pc_entitytype",
			"blueprint": "[modules:/zspatialentity.class].pc_entityblueprint"
		}
	},
	"propertyOverrides": [],
	"overrideDeletes": [],
	"pinConnectionOverrides": [],
	"pinConnectionOverrideDeletes": [],
	"externalScenes": [
		"[assembly:/_pro/scenes/missions/colorado_2/hay.brick].pc_entitytype"
	],
	"subType": "scene",
	"quickEntityVersion": 3.1,
	"extraFactoryDependencies": [],
	"extraBlueprintDependencies": [],
	"comments": []
}
