{"7f01dcd4-bfd7-4258-abb9-0dc243290e72":{"Image":"images/entrances/bank/bank_entrance_ceo.jpg","Name_LOC":"UI_STARTING_LOCATION_HAY_EVENT_ENTRANCE_NAME","Name":"Hay Event Entrance","Description":"UI_STARTING_LOCATION_HAY_EVENT_ENTRANCE_DESC"},"3dabf80b-27f4-46c9-a4df-a5b60f3831f2":{"Image":"images/actors/actor_39274e0c-7101-4cdb-ac9d-5caa4e7739e0_1_0_0.jpg","Name":"John Cleaver","Outfit":"39274e0c-7101-4cdb-ac9d-5caa4e7739e0","OutfitVariationIndex":1.0,"CharacterSetIndex":0.0,"Description":"Unknown","Description_LOC":"actor_description","Tile":"images/actors/default_target.png"},"39274e0c-7101-4cdb-ac9d-5caa4e7739e0":{"CommonName":"Outfit John Cleaver","Description":"Outfit John Cleaver","Name":"Outfit John Cleaver","Category":"","HeroDisguiseAvailable":false,"Image":"","ImageTransparent":"","IsHitmanSuit":false,"TokenID":""},"4d2da200-a351-41ee-9ffa-81f4210e0ed7":{"CharacterSetIndex":0.0,"Image":"images/actors/actor_5d082b30-95f2-4066-aee3-c9ea8411f1c7_1_1_0.jpg","Name":"Dwight Schrute","Outfit":"6908060a-5034-4bc9-93c4-f4a31fd37669","OutfitVariationIndex":1.0,"Description":"Unknown","Description_LOC":"actor_description","Tile":"images/actors/default_target.png"},"6908060a-5034-4bc9-93c4-f4a31fd37669":{"CommonName":"Outfit Dwight Schrute","Description":"Outfit Dwight Schrute","Name":"Outfit Dwight Schrute","Category":"","HeroDisguiseAvailable":false,"Image":"","ImageTransparent":"","IsHitmanSuit":false,"TokenID":""}}