{
    "$schema": "http://json-schema.org/schema",
    "SMF": {
        "destinations": {
            "addToDestinations": true,
            "peacockIntegration": false,
            "narrativeContext": "Mission"
        }
    },
	"Data": {
		"EnableSaving": true,
		"Objectives": [
            {
                "Id": "2ce3128b-c9c3-4208-8ad9-47fe103111a0",
                "Primary": true,
                "RepeatSuccess": 1,
                "RepeatFailed": 1,
                "IsHidden": false,
                "HUDTemplate": { "display": "Identify and eliminate John Cleaver" },
                "SuccessEvent": {
                    "EventName": "Kill",
                    "EventValues": {
                        "RepositoryId": "3dabf80b-27f4-46c9-a4df-a5b60f3831f2"
                    }
                }
            }
        ],
        "Bricks": [ 
            "assembly:/_pro/scenes/missions/colorado_2/hay.brick"
        ]
    },

		"GameDifficulties": [
			{ "Difficulty": "easy", "Bricks": [] },
			{ "Difficulty": "normal", "Bricks": [] },
			{ "Difficulty": "hard", "Bricks": [] }
		],
		"Bricks": [

        ],
		"DevOnlyBricks": [],
		"Entrances": [
            "7f01dcd4-bfd7-4258-abb9-0dc243290e72"
        ],
		"GameChangers": [],
		"GameChangerReferences": [],
	
	"Metadata": {
		"Id": "81949e8f-d566-488f-b25b-099e3eb7055e",
		"IsPublished": true,
		"Title": "UI_CONTRACT_HAY_TITLE",
		"Description": "UI_CONTRACT_HAY_DESC",
		"CodeName_Hint": "Bull",
		"ScenePath": "assembly:/_pro/scenes/missions/colorado/mission_hay/scene_hay.entity",
		"TileImage": "images/hay/tile.jpg",
		"Location": "LOCATION_COLORADO",
		"LastUpdate": "2025-05-02T19:44:00.000Z",
		"CreationTimestamp": "2025-05-02T19:44:00.000Z",
		"CreatorUserId": "5b01c03b-6e4f-4353-9674-769c8a863b96",
        "Type": "flashback",
		"Subtype": "specialassignment",
		"Release": "3.0.0",
		"Entitlements": []
	},
	"UserData": {}
}